,Models,Acurácia
1,Regression Logistic,0.9697164948453608
4,Gradient boosting,0.9619845360824743
3,Naive bayes,0.9471649484536082
2,Decision tree,0.8614690721649485
0,K-NN,0.8582474226804123
