,Models,Acurácia
1,Regression Logistic,0.9473390138287471
3,Naive bayes,0.9726256983240223
4,Gradient boosting,0.973463687150838
2,Decision tree,0.9737430167597766
0,K-NN,0.9754189944134078
